"loan_id","age","annual_income","credit_score","loan_amount","loan_tenure_months","employment_type","dti_ratio","num_delinquencies","default","score_band"
"LN0001",58,666666,567,180351,12,"Government",0.3,3,0,"Poor"
"LN0002",22,884439,590,79583,60,"Salaried",0.25,2,0,"Fair"
"LN0003",46,732775,611,117484,60,"Self-Employed",0.12,2,0,"Fair"
"LN0004",31,385269,662,87830,36,"Self-Employed",0.62,1,0,"Fair"
"LN0005",57,460620,839,15320,48,"Salaried",0.61,0,0,"Excellent"
"LN0006",39,450774,576,136641,60,"Salaried",0.15,2,0,"Poor"
"LN0007",45,628315,477,197516,12,"Salaried",0.3,0,0,"Very Poor"
"LN0008",28,599211,640,108547,60,"Self-Employed",0.59,2,0,"Fair"
"LN0009",57,673588,583,185296,12,"Salaried",0.51,2,0,"Fair"
"LN0010",46,468531,476,210448,24,"Salaried",0.13,2,0,"Very Poor"
"LN0011",58,524731,580,140963,36,"Salaried",0.32,0,0,"Poor"
"LN0012",41,748272,620,112030,48,"Government",0.17,0,0,"Fair"
"LN0013",47,580079,562,93830,36,"Government",0.52,2,0,"Poor"
"LN0014",24,469142,707,127650,12,"Salaried",0.32,0,0,"Good"
"LN0015",62,794233,723,275137,48,"Self-Employed",0.44,0,0,"Good"
"LN0016",46,602699,624,157287,24,"Salaried",0.41,0,0,"Fair"
"LN0017",48,416693,531,113025,48,"Self-Employed",0.56,4,0,"Poor"
"LN0018",57,941938,698,113965,24,"Self-Employed",0.62,0,0,"Good"
"LN0019",58,366380,582,155848,24,"Salaried",0.54,0,0,"Fair"
"LN0020",52,243793,584,160508,60,"Salaried",0.13,0,0,"Fair"
"LN0021",26,180000,662,257651,60,"Self-Employed",0.46,0,0,"Fair"
"LN0022",41,730225,572,116131,48,"Self-Employed",0.06,0,0,"Poor"
"LN0023",55,493433,626,228155,24,"Salaried",0.26,1,0,"Fair"
"LN0024",49,544888,588,99522,12,"Salaried",0.1,2,0,"Fair"
"LN0025",61,657925,681,167580,60,"Salaried",0.25,0,0,"Good"
"LN0026",24,506703,582,122346,24,"Salaried",0.37,0,0,"Fair"
"LN0027",54,278388,582,230472,24,"Government",0.48,0,0,"Fair"
"LN0028",63,210043,573,261785,36,"Salaried",0.45,0,0,"Poor"
"LN0029",45,531860,651,272829,24,"Self-Employed",0.18,0,0,"Fair"
"LN0030",51,634945,747,204762,12,"Salaried",0.1,0,0,"Excellent"
"LN0031",64,180000,579,109572,48,"Self-Employed",0.58,0,0,"Poor"
"LN0032",36,658105,667,140061,24,"Self-Employed",0.49,2,0,"Fair"
"LN0033",43,684461,598,174107,60,"Salaried",0.49,0,0,"Fair"
"LN0034",29,858947,563,10000,48,"Salaried",0.39,0,0,"Poor"
"LN0035",57,632943,737,263632,24,"Salaried",0.46,0,0,"Good"
"LN0036",25,640991,604,64482,24,"Salaried",0.44,2,0,"Fair"
"LN0037",43,720921,780,113252,24,"Salaried",0.37,1,0,"Excellent"
"LN0038",39,596172,595,256533,48,"Self-Employed",0.44,1,0,"Fair"
"LN0039",49,584057,703,182782,36,"Salaried",0.55,5,0,"Good"
"LN0040",26,623197,739,187787,48,"Salaried",0.26,1,0,"Good"
"LN0041",25,748835,821,90024,12,"Salaried",0.42,0,0,"Excellent"
"LN0042",55,513742,584,21865,12,"Self-Employed",0.45,1,0,"Fair"
"LN0043",56,500094,656,86684,24,"Salaried",0.32,0,0,"Fair"
"LN0044",45,426968,725,190161,60,"Self-Employed",0.49,1,0,"Good"
"LN0045",44,408449,610,207376,24,"Self-Employed",0.27,2,0,"Fair"
"LN0046",47,665360,698,153468,36,"Salaried",0.07,0,0,"Good"
"LN0047",27,909474,616,118468,60,"Government",0.32,0,0,"Fair"
"LN0048",27,406228,559,180400,48,"Self-Employed",0.57,0,0,"Poor"
"LN0049",23,562312,471,100206,48,"Salaried",0.54,1,0,"Very Poor"
"LN0050",24,394000,691,190911,48,"Salaried",0.15,0,0,"Good"
"LN0051",42,781617,623,61890,48,"Salaried",0.4,0,0,"Fair"
"LN0052",23,536524,787,298913,24,"Self-Employed",0.54,0,0,"Excellent"
"LN0053",59,635801,561,10000,60,"Salaried",0.24,1,0,"Poor"
"LN0054",31,669606,611,263435,12,"Self-Employed",0.21,3,0,"Fair"
"LN0055",61,389144,715,97575,24,"Salaried",0.3,5,0,"Good"
"LN0056",26,579051,629,250183,48,"Salaried",0.15,0,0,"Fair"
"LN0057",54,554331,689,33177,36,"Self-Employed",0.06,0,0,"Good"
"LN0058",60,735071,758,123541,48,"Government",0.63,1,0,"Excellent"
"LN0059",57,353351,824,166865,24,"Self-Employed",0.42,2,0,"Excellent"
"LN0060",63,360008,654,69240,12,"Self-Employed",0.49,0,0,"Fair"
"LN0061",30,753173,583,107218,60,"Salaried",0.55,0,0,"Fair"
"LN0062",50,482380,563,189605,12,"Self-Employed",0.59,0,0,"Poor"
"LN0063",33,467941,606,193880,48,"Self-Employed",0.13,2,0,"Fair"
"LN0064",41,622603,616,51781,24,"Self-Employed",0.29,4,0,"Fair"
"LN0065",30,535920,553,69471,24,"Salaried",0.37,0,0,"Poor"
"LN0066",64,973276,698,166573,48,"Self-Employed",0.16,1,0,"Good"
"LN0067",56,651906,764,263392,12,"Salaried",0.24,0,0,"Excellent"
"LN0068",50,632312,615,209767,12,"Salaried",0.14,0,0,"Fair"
"LN0069",37,786215,567,28445,24,"Self-Employed",0.18,1,0,"Poor"
"LN0070",58,588011,548,92394,48,"Self-Employed",0.49,0,0,"Poor"
"LN0071",49,609748,712,10000,60,"Salaried",0.37,1,0,"Good"
"LN0072",26,385425,653,212752,24,"Salaried",0.44,1,0,"Fair"
"LN0073",49,180000,498,80316,60,"Self-Employed",0.19,2,0,"Very Poor"
"LN0074",23,358559,640,149131,12,"Self-Employed",0.51,1,0,"Fair"
"LN0075",39,622822,650,198731,60,"Salaried",0.33,2,0,"Fair"
"LN0076",45,393341,582,139356,48,"Salaried",0.49,0,0,"Fair"
"LN0077",39,737762,552,82038,12,"Salaried",0.59,0,0,"Poor"
"LN0078",26,745017,614,159211,24,"Government",0.22,0,0,"Fair"
"LN0079",61,643476,594,43493,60,"Salaried",0.08,0,0,"Fair"
"LN0080",61,559669,596,339957,24,"Self-Employed",0.17,0,0,"Fair"
"LN0081",42,326862,466,10000,24,"Self-Employed",0.2,0,0,"Very Poor"
"LN0082",57,538212,638,326294,12,"Self-Employed",0.54,0,0,"Fair"
"LN0083",57,509419,726,195712,60,"Salaried",0.25,1,0,"Good"
"LN0084",60,732646,743,103300,36,"Self-Employed",0.54,0,0,"Excellent"
"LN0085",63,861726,816,171989,48,"Salaried",0.59,0,0,"Excellent"
"LN0086",39,700208,671,146137,24,"Salaried",0.08,0,0,"Good"
"LN0087",48,374342,566,330197,36,"Self-Employed",0.54,2,0,"Poor"
"LN0088",34,934199,690,326639,60,"Self-Employed",0.15,1,0,"Good"
"LN0089",40,802071,738,211348,48,"Self-Employed",0.34,0,0,"Good"
"LN0090",53,644704,801,127265,36,"Government",0.52,0,0,"Excellent"
"LN0091",37,180000,715,162132,12,"Self-Employed",0.12,0,0,"Good"
"LN0092",50,409083,763,87512,12,"Salaried",0.52,0,0,"Excellent"
"LN0093",38,586285,685,73408,36,"Self-Employed",0.42,1,0,"Good"
"LN0094",65,752261,548,125653,60,"Self-Employed",0.63,1,0,"Poor"
"LN0095",30,364019,581,272470,48,"Salaried",0.37,0,0,"Fair"
"LN0096",42,1242240,801,111736,48,"Salaried",0.28,1,0,"Excellent"
"LN0097",64,180000,706,172077,36,"Salaried",0.47,0,0,"Good"
"LN0098",29,552813,597,253422,60,"Government",0.58,0,0,"Fair"
"LN0099",50,548087,594,183921,24,"Self-Employed",0.35,0,0,"Fair"
"LN0100",59,467327,576,192221,36,"Salaried",0.56,1,0,"Poor"
"LN0101",22,536202,662,97694,48,"Self-Employed",0.1,0,0,"Fair"
"LN0102",34,748479,630,159734,24,"Salaried",0.44,0,0,"Fair"
"LN0103",35,425141,575,71051,48,"Salaried",0.28,1,0,"Poor"
"LN0104",26,183437,747,89552,24,"Government",0.18,0,0,"Excellent"
"LN0105",30,618754,651,57121,48,"Salaried",0.61,0,0,"Fair"
"LN0106",37,599636,711,114576,36,"Self-Employed",0.6,2,0,"Good"
"LN0107",47,597380,620,176796,60,"Salaried",0.08,0,0,"Fair"
"LN0108",64,733594,664,141947,36,"Government",0.44,1,0,"Fair"
"LN0109",63,597366,733,71957,60,"Self-Employed",0.39,2,0,"Good"
"LN0110",63,755209,704,72143,24,"Salaried",0.37,0,0,"Good"
"LN0111",54,197853,725,42737,24,"Salaried",0.62,0,0,"Good"
"LN0112",50,374364,504,183128,48,"Self-Employed",0.35,0,0,"Poor"
"LN0113",46,669760,664,171933,24,"Self-Employed",0.25,0,0,"Fair"
"LN0114",53,529420,635,36883,48,"Government",0.34,0,0,"Fair"
"LN0115",38,788955,598,15446,12,"Salaried",0.47,5,0,"Fair"
"LN0116",35,399056,605,144393,36,"Salaried",0.51,2,0,"Fair"
"LN0117",27,744781,784,113175,60,"Self-Employed",0.24,0,0,"Excellent"
"LN0118",64,466233,684,53428,24,"Self-Employed",0.07,0,0,"Good"
"LN0119",58,377392,638,233235,12,"Salaried",0.45,0,0,"Fair"
"LN0120",37,531439,725,144704,12,"Salaried",0.18,2,0,"Good"
"LN0121",52,609956,606,148411,12,"Salaried",0.1,1,0,"Fair"
"LN0122",55,354464,661,199244,12,"Self-Employed",0.64,2,0,"Fair"
"LN0123",51,447199,766,183631,24,"Self-Employed",0.21,1,0,"Excellent"
"LN0124",53,350764,623,123764,48,"Salaried",0.24,0,0,"Fair"
"LN0125",27,803355,586,59243,12,"Salaried",0.56,1,0,"Fair"
"LN0126",43,744723,606,244581,60,"Salaried",0.17,1,0,"Fair"
"LN0127",59,393495,566,13137,12,"Government",0.64,5,0,"Poor"
"LN0128",52,711469,670,260356,36,"Salaried",0.52,0,0,"Fair"
"LN0129",27,548884,676,106720,48,"Self-Employed",0.25,5,0,"Good"
"LN0130",41,377322,718,316037,48,"Self-Employed",0.42,1,0,"Good"
"LN0131",36,684239,794,133619,12,"Self-Employed",0.44,2,0,"Excellent"
"LN0132",55,535410,762,105887,48,"Self-Employed",0.08,0,0,"Excellent"
"LN0133",63,776036,550,153296,24,"Salaried",0.58,0,0,"Poor"
"LN0134",44,561027,810,255364,60,"Self-Employed",0.45,5,0,"Excellent"
"LN0135",33,837611,661,10000,60,"Self-Employed",0.3,0,0,"Fair"
"LN0136",47,498047,619,125361,60,"Salaried",0.26,0,0,"Fair"
"LN0137",62,643910,798,173565,36,"Self-Employed",0.38,0,0,"Excellent"
"LN0138",22,674059,684,161822,48,"Salaried",0.18,0,0,"Good"
"LN0139",23,655822,788,159276,24,"Salaried",0.52,0,0,"Excellent"
"LN0140",45,640388,647,124133,60,"Salaried",0.49,0,0,"Fair"
"LN0141",55,597401,592,58771,24,"Government",0.06,0,0,"Fair"
"LN0142",46,581827,493,378906,24,"Self-Employed",0.63,0,0,"Very Poor"
"LN0143",49,873006,740,33889,60,"Self-Employed",0.49,1,0,"Good"
"LN0144",64,781626,579,228700,48,"Government",0.18,2,0,"Poor"
"LN0145",35,478022,720,61373,48,"Salaried",0.17,0,0,"Good"
"LN0146",55,879287,660,10000,24,"Salaried",0.06,0,0,"Fair"
"LN0147",23,628960,688,162058,36,"Self-Employed",0.38,0,0,"Good"
"LN0148",52,471879,751,318717,36,"Government",0.09,0,0,"Excellent"
"LN0149",53,633960,611,200335,60,"Salaried",0.27,3,0,"Fair"
"LN0150",48,568563,613,18988,60,"Salaried",0.51,0,0,"Fair"
"LN0151",31,620188,631,97322,12,"Salaried",0.33,0,0,"Fair"
"LN0152",49,405321,735,89975,12,"Salaried",0.15,0,0,"Good"
"LN0153",58,436035,612,58389,24,"Salaried",0.54,2,0,"Fair"
"LN0154",31,872584,636,232209,60,"Self-Employed",0.64,1,0,"Fair"
"LN0155",26,792274,714,348243,36,"Salaried",0.43,1,0,"Good"
"LN0156",56,423255,712,33735,36,"Self-Employed",0.35,1,0,"Good"
"LN0157",35,419982,714,215781,48,"Salaried",0.23,0,0,"Good"
"LN0158",35,944667,654,64684,36,"Government",0.13,0,0,"Fair"
"LN0159",49,981808,711,237545,36,"Salaried",0.38,0,0,"Good"
"LN0160",54,444572,673,167648,36,"Self-Employed",0.43,0,0,"Good"
"LN0161",58,339539,599,127341,60,"Salaried",0.54,1,0,"Fair"
"LN0162",56,1124699,794,206804,24,"Salaried",0.06,0,0,"Excellent"
"LN0163",47,645926,501,326838,12,"Salaried",0.47,0,0,"Poor"
"LN0164",52,637350,718,262965,48,"Salaried",0.28,0,0,"Good"
"LN0165",64,615227,677,134272,12,"Self-Employed",0.09,0,0,"Good"
"LN0166",53,880972,652,210431,48,"Self-Employed",0.32,4,0,"Fair"
"LN0167",38,561656,601,62472,24,"Salaried",0.05,1,0,"Fair"
"LN0168",48,891878,629,184414,12,"Salaried",0.44,0,0,"Fair"
"LN0169",51,555869,794,226844,48,"Government",0.44,0,0,"Excellent"
"LN0170",57,701029,642,186725,36,"Salaried",0.47,1,0,"Fair"
"LN0171",41,393301,619,102284,48,"Government",0.26,0,0,"Fair"
"LN0172",32,634095,580,146393,12,"Salaried",0.36,1,0,"Poor"
"LN0173",38,840134,610,103479,24,"Salaried",0.44,0,0,"Fair"
"LN0174",30,567319,643,185429,48,"Salaried",0.23,0,0,"Fair"
"LN0175",38,856495,541,125182,60,"Government",0.42,1,0,"Poor"
"LN0176",34,1145439,741,132174,36,"Self-Employed",0.55,0,0,"Excellent"
"LN0177",52,788385,658,99393,60,"Salaried",0.24,1,0,"Fair"
"LN0178",22,550277,767,235375,36,"Self-Employed",0.16,0,0,"Excellent"
"LN0179",38,619296,729,176992,12,"Self-Employed",0.44,1,0,"Good"
"LN0180",54,513214,763,73708,24,"Salaried",0.43,0,0,"Excellent"
"LN0181",49,1035734,543,170094,12,"Salaried",0.48,1,0,"Poor"
"LN0182",23,180000,696,106148,12,"Salaried",0.24,2,0,"Good"
"LN0183",52,616178,621,158259,60,"Self-Employed",0.55,0,0,"Fair"
"LN0184",29,622028,646,299281,36,"Salaried",0.33,0,0,"Fair"
"LN0185",37,642690,602,66720,24,"Salaried",0.37,0,0,"Fair"
"LN0186",24,288436,667,167599,48,"Salaried",0.12,0,0,"Fair"
"LN0187",58,643242,657,36096,48,"Salaried",0.16,1,0,"Fair"
"LN0188",34,637533,480,199281,36,"Self-Employed",0.12,0,0,"Very Poor"
"LN0189",33,851724,718,34675,36,"Salaried",0.3,3,0,"Good"
"LN0190",22,704704,662,13859,12,"Self-Employed",0.5,0,0,"Fair"
"LN0191",51,823091,572,194577,48,"Self-Employed",0.11,0,0,"Poor"
"LN0192",52,408500,562,89959,12,"Salaried",0.59,0,0,"Poor"
"LN0193",58,575119,595,10000,48,"Self-Employed",0.38,0,0,"Fair"
"LN0194",27,638348,523,44043,24,"Salaried",0.61,0,0,"Poor"
"LN0195",37,654443,661,236043,48,"Salaried",0.1,0,0,"Fair"
"LN0196",31,461237,770,164067,48,"Self-Employed",0.37,2,0,"Excellent"
"LN0197",28,895834,665,166634,12,"Salaried",0.64,1,0,"Fair"
"LN0198",30,477647,692,221456,48,"Salaried",0.58,2,0,"Good"
"LN0199",62,277138,531,165889,12,"Salaried",0.07,2,0,"Poor"
"LN0200",46,680498,527,10000,36,"Salaried",0.58,4,0,"Poor"
"LN0201",24,732911,578,151575,24,"Salaried",0.32,3,0,"Poor"
"LN0202",39,788825,708,38466,60,"Salaried",0.12,0,0,"Good"
"LN0203",49,410748,579,75341,12,"Salaried",0.64,0,0,"Poor"
"LN0204",36,550342,695,19677,12,"Government",0.14,3,0,"Good"
"LN0205",50,334313,633,179528,48,"Government",0.13,0,0,"Fair"
"LN0206",41,768953,681,332853,48,"Salaried",0.56,0,0,"Good"
"LN0207",46,669539,567,188924,12,"Salaried",0.17,0,0,"Poor"
"LN0208",37,782753,574,304572,12,"Government",0.38,0,0,"Poor"
"LN0209",45,721655,642,131430,60,"Salaried",0.06,0,0,"Fair"
"LN0210",54,478490,633,107004,60,"Salaried",0.23,0,0,"Fair"
"LN0211",59,635932,507,212888,36,"Salaried",0.09,0,0,"Poor"
"LN0212",64,218318,693,49810,24,"Self-Employed",0.2,0,0,"Good"
"LN0213",62,700589,494,44067,48,"Salaried",0.14,1,0,"Very Poor"
"LN0214",43,793780,617,10000,12,"Self-Employed",0.07,0,0,"Fair"
"LN0215",47,424853,654,10000,60,"Salaried",0.08,0,0,"Fair"
"LN0216",41,180000,594,114668,36,"Self-Employed",0.25,0,0,"Fair"
"LN0217",58,295434,538,159972,12,"Self-Employed",0.44,3,0,"Poor"
"LN0218",64,377376,618,122000,36,"Self-Employed",0.26,0,0,"Fair"
"LN0219",36,848197,641,10000,36,"Salaried",0.61,1,0,"Fair"
"LN0220",42,600696,576,57676,48,"Salaried",0.19,4,0,"Poor"
"LN0221",55,352441,541,86865,36,"Salaried",0.17,0,0,"Poor"
"LN0222",46,711140,554,221952,24,"Self-Employed",0.26,0,0,"Poor"
"LN0223",59,180000,608,175283,36,"Self-Employed",0.13,1,0,"Fair"
"LN0224",22,550595,614,83841,24,"Self-Employed",0.39,0,0,"Fair"
"LN0225",35,822571,764,20834,36,"Government",0.58,1,0,"Excellent"
"LN0226",32,531665,547,136685,36,"Self-Employed",0.21,1,0,"Poor"
"LN0227",49,861088,680,10000,60,"Self-Employed",0.09,0,0,"Good"
"LN0228",39,959065,617,96649,24,"Salaried",0.58,0,0,"Fair"
"LN0229",55,366433,657,125363,24,"Self-Employed",0.43,1,0,"Fair"
"LN0230",63,369542,597,247802,60,"Self-Employed",0.16,0,0,"Fair"
"LN0231",57,417109,714,221669,60,"Self-Employed",0.52,3,0,"Good"
"LN0232",41,705746,514,166312,24,"Salaried",0.24,0,0,"Poor"
"LN0233",36,767016,662,132720,12,"Salaried",0.64,1,0,"Fair"
"LN0234",28,841827,652,110959,48,"Salaried",0.34,2,0,"Fair"
"LN0235",48,859895,734,198164,36,"Salaried",0.46,1,0,"Good"
"LN0236",51,815146,632,38472,24,"Salaried",0.26,1,0,"Fair"
"LN0237",26,787960,690,121667,24,"Self-Employed",0.17,0,0,"Good"
"LN0238",43,632675,682,248484,36,"Salaried",0.08,0,0,"Good"
"LN0239",41,422372,598,84928,60,"Salaried",0.6,0,0,"Fair"
"LN0240",62,454768,643,27866,60,"Self-Employed",0.21,2,0,"Fair"
"LN0241",32,681519,639,150073,48,"Self-Employed",0.08,0,0,"Fair"
"LN0242",49,936707,740,173613,36,"Self-Employed",0.34,1,0,"Good"
"LN0243",59,941196,669,286523,24,"Government",0.47,1,0,"Fair"
"LN0244",63,214767,673,77400,48,"Self-Employed",0.46,0,0,"Good"
"LN0245",30,433200,837,107871,12,"Salaried",0.37,0,0,"Excellent"
"LN0246",44,883827,683,249201,48,"Salaried",0.21,0,0,"Good"
"LN0247",47,387178,679,128568,48,"Self-Employed",0.06,0,0,"Good"
"LN0248",62,277285,693,174339,12,"Self-Employed",0.09,1,0,"Good"
"LN0249",32,719962,774,187624,36,"Salaried",0.33,0,0,"Excellent"
"LN0250",40,946593,727,252895,12,"Salaried",0.27,1,0,"Good"
"LN0251",49,986901,677,223358,36,"Government",0.44,0,0,"Good"
"LN0252",42,706564,601,146722,48,"Government",0.18,2,0,"Fair"
"LN0253",57,743933,679,46867,12,"Government",0.35,0,0,"Good"
"LN0254",63,712019,661,143656,60,"Salaried",0.56,0,0,"Fair"
"LN0255",43,596383,503,209192,12,"Self-Employed",0.61,0,0,"Poor"
"LN0256",46,180000,527,252141,48,"Salaried",0.11,1,0,"Poor"
"LN0257",51,752141,506,203211,60,"Self-Employed",0.25,0,0,"Poor"
"LN0258",42,521755,763,28185,60,"Salaried",0.24,0,0,"Excellent"
"LN0259",65,801980,699,160098,48,"Self-Employed",0.1,4,0,"Good"
"LN0260",42,474605,462,59489,24,"Salaried",0.58,0,0,"Very Poor"
"LN0261",27,273085,687,111806,12,"Self-Employed",0.28,4,0,"Good"
"LN0262",62,849049,655,62122,12,"Self-Employed",0.59,0,0,"Fair"
"LN0263",31,636275,629,286595,36,"Self-Employed",0.39,0,0,"Fair"
"LN0264",45,1299061,590,135272,36,"Self-Employed",0.59,0,0,"Fair"
"LN0265",28,783118,548,298914,60,"Salaried",0.06,0,0,"Poor"
"LN0266",35,809701,719,10636,24,"Salaried",0.34,0,0,"Good"
"LN0267",33,752765,604,87323,24,"Salaried",0.26,0,0,"Fair"
"LN0268",31,479323,639,213622,24,"Salaried",0.51,0,0,"Fair"
"LN0269",46,525914,697,107418,60,"Salaried",0.49,0,0,"Good"
"LN0270",58,811965,693,308864,12,"Self-Employed",0.44,0,0,"Good"
"LN0271",23,811022,619,97856,24,"Self-Employed",0.33,4,0,"Fair"
"LN0272",56,716594,607,10000,36,"Self-Employed",0.41,1,0,"Fair"
"LN0273",55,402687,671,142638,36,"Salaried",0.48,1,0,"Good"
"LN0274",48,936924,556,118208,36,"Self-Employed",0.47,2,0,"Poor"
"LN0275",52,326632,674,138934,24,"Salaried",0.61,1,0,"Good"
"LN0276",48,513357,664,83939,36,"Self-Employed",0.56,4,0,"Fair"
"LN0277",37,1065012,670,95147,48,"Self-Employed",0.07,1,0,"Fair"
"LN0278",57,704824,628,86583,24,"Self-Employed",0.18,5,0,"Fair"
"LN0279",45,794147,512,117440,48,"Self-Employed",0.6,0,0,"Poor"
"LN0280",59,675395,489,58106,24,"Salaried",0.46,0,0,"Very Poor"
"LN0281",42,400813,547,239261,36,"Salaried",0.51,1,0,"Poor"
"LN0282",41,480503,679,79643,48,"Self-Employed",0.08,0,0,"Good"
"LN0283",32,633050,638,252346,48,"Salaried",0.6,0,0,"Fair"
"LN0284",54,180000,591,33658,24,"Salaried",0.22,0,0,"Fair"
"LN0285",35,430417,587,217378,60,"Self-Employed",0.5,0,0,"Fair"
"LN0286",49,759717,694,101743,12,"Government",0.42,1,0,"Good"
"LN0287",54,540309,521,160524,48,"Government",0.37,3,0,"Poor"
"LN0288",50,543278,710,211156,60,"Salaried",0.06,0,0,"Good"
"LN0289",57,773904,686,76629,36,"Self-Employed",0.63,0,0,"Good"
"LN0290",53,491129,580,168992,12,"Salaried",0.41,1,0,"Poor"
"LN0291",59,725761,642,146425,48,"Salaried",0.3,0,0,"Fair"
"LN0292",43,315533,721,60516,60,"Self-Employed",0.26,0,0,"Good"
"LN0293",65,354497,758,196136,48,"Government",0.06,0,0,"Excellent"
"LN0294",28,265179,769,10000,48,"Salaried",0.07,0,0,"Excellent"
"LN0295",65,616880,680,273521,60,"Government",0.36,1,0,"Good"
"LN0296",26,558775,633,245706,60,"Salaried",0.42,3,0,"Fair"
"LN0297",52,888374,686,133866,36,"Self-Employed",0.07,0,0,"Good"
"LN0298",53,591644,629,115418,24,"Self-Employed",0.11,3,0,"Fair"
"LN0299",39,870751,570,177756,60,"Self-Employed",0.6,0,0,"Poor"
"LN0300",60,989045,718,111170,60,"Self-Employed",0.5,2,0,"Good"
"LN0301",34,501812,706,134376,48,"Salaried",0.1,1,0,"Good"
"LN0302",51,677688,751,168384,24,"Government",0.24,0,0,"Excellent"
"LN0303",23,431021,783,142428,36,"Self-Employed",0.58,0,0,"Excellent"
"LN0304",49,747598,768,286816,36,"Salaried",0.13,2,0,"Excellent"
"LN0305",24,384048,713,123140,24,"Self-Employed",0.19,2,0,"Good"
"LN0306",54,394705,647,79974,24,"Salaried",0.38,0,0,"Fair"
"LN0307",50,657759,643,59396,12,"Salaried",0.27,0,0,"Fair"
"LN0308",41,618162,617,104718,36,"Self-Employed",0.48,1,0,"Fair"
"LN0309",64,652525,588,72049,48,"Self-Employed",0.61,1,0,"Fair"
"LN0310",30,613867,619,225607,12,"Self-Employed",0.58,0,0,"Fair"
"LN0311",31,494271,699,169819,36,"Salaried",0.46,2,0,"Good"
"LN0312",28,573960,681,141626,60,"Self-Employed",0.4,0,0,"Good"
"LN0313",49,924032,554,152221,48,"Self-Employed",0.1,0,0,"Poor"
"LN0314",39,596421,746,77418,12,"Self-Employed",0.19,0,0,"Excellent"
"LN0315",46,336302,753,338075,24,"Salaried",0.31,4,0,"Excellent"
"LN0316",65,431088,769,214702,48,"Salaried",0.11,0,0,"Excellent"
"LN0317",31,379637,552,212731,24,"Salaried",0.27,0,0,"Poor"
"LN0318",30,419982,617,163619,24,"Salaried",0.65,0,0,"Fair"
"LN0319",40,347783,617,162736,36,"Salaried",0.16,1,0,"Fair"
"LN0320",36,180000,614,204241,48,"Self-Employed",0.32,0,0,"Fair"
"LN0321",24,733813,605,184750,60,"Self-Employed",0.49,0,0,"Fair"
"LN0322",43,732008,605,212444,36,"Government",0.13,1,0,"Fair"
"LN0323",41,549880,572,114435,60,"Self-Employed",0.65,0,0,"Poor"
"LN0324",63,455241,605,251721,36,"Self-Employed",0.53,1,0,"Fair"
"LN0325",55,437564,623,32129,60,"Salaried",0.13,0,0,"Fair"
"LN0326",44,679747,665,296081,36,"Salaried",0.48,4,0,"Fair"
"LN0327",38,645313,698,143427,48,"Salaried",0.3,2,0,"Good"
"LN0328",39,684329,727,166565,60,"Salaried",0.24,2,0,"Good"
"LN0329",40,600968,586,145347,12,"Salaried",0.65,0,0,"Fair"
"LN0330",38,723797,653,82556,12,"Government",0.5,0,0,"Fair"
"LN0331",51,686227,837,112681,12,"Salaried",0.4,0,0,"Excellent"
"LN0332",31,711662,613,271316,12,"Salaried",0.12,1,0,"Fair"
"LN0333",58,699192,709,315917,12,"Salaried",0.27,1,0,"Good"
"LN0334",31,932377,594,65460,12,"Salaried",0.44,1,0,"Fair"
"LN0335",55,388993,735,178420,36,"Salaried",0.35,0,0,"Good"
"LN0336",25,901665,694,106990,60,"Self-Employed",0.26,1,0,"Good"
"LN0337",46,533158,577,157225,12,"Self-Employed",0.08,2,0,"Poor"
"LN0338",47,587004,732,177883,48,"Salaried",0.51,1,0,"Good"
"LN0339",60,616216,740,108598,60,"Salaried",0.32,0,0,"Good"
"LN0340",54,510357,721,172984,36,"Self-Employed",0.39,2,0,"Good"
"LN0341",43,180000,429,283446,48,"Salaried",0.13,5,0,"Very Poor"
"LN0342",65,537413,662,63525,24,"Salaried",0.45,1,0,"Fair"
"LN0343",40,608277,772,118172,12,"Self-Employed",0.11,0,0,"Excellent"
"LN0344",27,252454,636,173777,12,"Salaried",0.35,1,0,"Fair"
"LN0345",65,709988,597,179874,48,"Salaried",0.4,1,0,"Fair"
"LN0346",46,480545,638,155407,24,"Salaried",0.3,0,0,"Fair"
"LN0347",51,889548,459,177731,12,"Self-Employed",0.19,3,0,"Very Poor"
"LN0348",63,652974,559,136834,24,"Salaried",0.09,0,0,"Poor"
"LN0349",60,442243,643,165199,12,"Self-Employed",0.47,0,0,"Fair"
"LN0350",46,633546,717,144504,12,"Salaried",0.49,1,0,"Good"
"LN0351",23,651517,667,223316,24,"Self-Employed",0.45,1,0,"Fair"
"LN0352",59,782409,701,206844,12,"Self-Employed",0.59,1,0,"Good"
"LN0353",30,568626,567,148473,12,"Salaried",0.44,1,0,"Poor"
"LN0354",32,193325,769,255050,24,"Government",0.64,0,0,"Excellent"
"LN0355",27,340067,745,163631,36,"Salaried",0.38,0,0,"Excellent"
"LN0356",52,428550,699,196305,48,"Salaried",0.59,0,0,"Good"
"LN0357",26,685253,636,168232,12,"Salaried",0.47,4,0,"Fair"
"LN0358",35,543033,719,101003,24,"Salaried",0.64,0,0,"Good"
"LN0359",63,477126,600,208722,60,"Salaried",0.13,0,0,"Fair"
"LN0360",22,431022,580,10000,12,"Salaried",0.65,1,0,"Poor"
"LN0361",62,630739,472,72516,24,"Self-Employed",0.11,0,0,"Very Poor"
"LN0362",31,429714,665,200210,60,"Government",0.38,0,0,"Fair"
"LN0363",33,520416,465,249222,12,"Salaried",0.18,0,0,"Very Poor"
"LN0364",43,412005,648,29448,12,"Self-Employed",0.46,0,0,"Fair"
"LN0365",22,322349,685,244608,60,"Self-Employed",0.57,2,0,"Good"
"LN0366",64,791037,713,43265,12,"Salaried",0.63,0,0,"Good"
"LN0367",25,336501,732,102294,48,"Salaried",0.34,0,0,"Good"
"LN0368",24,614606,699,43641,36,"Self-Employed",0.4,1,0,"Good"
"LN0369",59,486363,581,135431,60,"Self-Employed",0.31,1,0,"Fair"
"LN0370",26,388310,721,153931,24,"Salaried",0.09,1,0,"Good"
"LN0371",63,651863,655,182966,48,"Self-Employed",0.3,1,0,"Fair"
"LN0372",41,674627,501,116212,12,"Salaried",0.39,1,0,"Poor"
"LN0373",55,852933,641,148428,24,"Self-Employed",0.37,0,0,"Fair"
"LN0374",44,665045,507,174241,12,"Salaried",0.28,4,0,"Poor"
"LN0375",57,572307,566,72206,60,"Salaried",0.47,0,0,"Poor"
"LN0376",41,1120494,600,93908,48,"Salaried",0.3,0,0,"Fair"
"LN0377",30,469943,603,260275,36,"Self-Employed",0.36,0,0,"Fair"
"LN0378",48,399363,724,10000,48,"Salaried",0.55,0,0,"Good"
"LN0379",24,492977,645,226467,36,"Salaried",0.55,1,0,"Fair"
"LN0380",52,577917,575,234803,48,"Salaried",0.25,0,0,"Poor"
"LN0381",39,720086,599,258077,12,"Salaried",0.59,0,0,"Fair"
"LN0382",31,683169,604,117876,24,"Government",0.48,0,0,"Fair"
"LN0383",54,578850,665,217199,60,"Salaried",0.57,2,0,"Fair"
"LN0384",61,428687,693,167235,36,"Self-Employed",0.56,5,0,"Good"
"LN0385",41,825465,616,98962,48,"Salaried",0.39,2,0,"Fair"
"LN0386",58,783256,623,194228,60,"Government",0.48,0,0,"Fair"
"LN0387",27,455124,691,179628,60,"Government",0.6,5,0,"Good"
"LN0388",50,737356,580,118878,36,"Government",0.2,0,0,"Poor"
"LN0389",25,690017,637,113193,12,"Self-Employed",0.39,3,0,"Fair"
"LN0390",48,809044,639,128729,48,"Salaried",0.48,0,0,"Fair"
"LN0391",30,629926,589,190115,36,"Self-Employed",0.4,0,0,"Fair"
"LN0392",61,371787,597,145812,48,"Salaried",0.56,1,0,"Fair"
"LN0393",44,760500,625,41826,24,"Salaried",0.38,0,0,"Fair"
"LN0394",47,454257,579,174686,60,"Salaried",0.27,0,0,"Poor"
"LN0395",33,705442,642,120640,60,"Self-Employed",0.51,0,0,"Fair"
"LN0396",31,934696,548,210865,48,"Self-Employed",0.29,4,0,"Poor"
"LN0397",64,316234,680,53298,60,"Government",0.21,0,0,"Good"
"LN0398",44,912382,612,10000,36,"Salaried",0.4,0,0,"Fair"
"LN0399",48,870632,714,110180,36,"Salaried",0.18,0,0,"Good"
"LN0400",55,494261,684,99036,12,"Self-Employed",0.34,4,0,"Good"
"LN0401",37,549745,609,204099,48,"Self-Employed",0.62,0,0,"Fair"
"LN0402",46,462830,622,10000,48,"Salaried",0.12,2,0,"Fair"
"LN0403",49,485926,699,64516,24,"Self-Employed",0.1,0,0,"Good"
"LN0404",36,715926,709,139920,48,"Salaried",0.4,1,0,"Good"
"LN0405",59,420208,688,91097,48,"Self-Employed",0.59,1,0,"Good"
"LN0406",44,561934,676,134701,24,"Salaried",0.28,0,0,"Good"
"LN0407",40,571219,507,54136,24,"Self-Employed",0.08,1,0,"Poor"
"LN0408",31,580685,660,84060,48,"Salaried",0.45,1,0,"Fair"
"LN0409",34,636289,537,76437,36,"Salaried",0.63,2,0,"Poor"
"LN0410",59,919315,656,10491,36,"Salaried",0.23,2,0,"Fair"
"LN0411",22,509734,597,180643,24,"Salaried",0.34,0,0,"Fair"
"LN0412",32,441024,642,106714,60,"Self-Employed",0.33,1,0,"Fair"
"LN0413",47,758457,556,105525,60,"Salaried",0.65,2,0,"Poor"
"LN0414",31,676094,637,238717,60,"Salaried",0.4,0,0,"Fair"
"LN0415",36,647158,772,203419,12,"Salaried",0.43,2,0,"Excellent"
"LN0416",38,718198,796,94506,36,"Self-Employed",0.37,0,0,"Excellent"
"LN0417",29,317614,451,220399,48,"Salaried",0.21,1,0,"Very Poor"
"LN0418",57,812659,518,119682,60,"Salaried",0.12,0,0,"Poor"
"LN0419",27,690784,536,115500,12,"Salaried",0.54,0,0,"Poor"
"LN0420",31,790263,548,163316,12,"Self-Employed",0.47,1,0,"Poor"
"LN0421",48,480296,816,161242,12,"Self-Employed",0.41,2,0,"Excellent"
"LN0422",41,231612,731,141396,36,"Salaried",0.28,0,0,"Good"
"LN0423",46,503082,641,129841,12,"Self-Employed",0.51,0,0,"Fair"
"LN0424",45,418631,729,182002,48,"Salaried",0.31,0,0,"Good"
"LN0425",37,1044552,831,229534,36,"Salaried",0.41,3,0,"Excellent"
"LN0426",65,517307,701,118490,60,"Salaried",0.57,0,0,"Good"
"LN0427",37,556865,792,266141,60,"Salaried",0.6,2,0,"Excellent"
"LN0428",24,812596,558,83200,36,"Salaried",0.47,0,0,"Poor"
"LN0429",53,724069,564,310117,12,"Self-Employed",0.55,0,0,"Poor"
"LN0430",42,734613,735,215623,36,"Salaried",0.62,0,0,"Good"
"LN0431",60,1126742,721,121078,48,"Self-Employed",0.26,1,0,"Good"
"LN0432",24,633223,720,10000,24,"Self-Employed",0.42,1,0,"Good"
"LN0433",31,981035,689,118156,24,"Salaried",0.41,0,0,"Good"
"LN0434",42,650744,612,122192,36,"Salaried",0.54,1,0,"Fair"
"LN0435",63,308196,726,265596,60,"Salaried",0.62,0,0,"Good"
"LN0436",28,180000,798,180099,60,"Salaried",0.08,3,0,"Excellent"
"LN0437",40,729937,749,10000,36,"Government",0.4,0,0,"Excellent"
"LN0438",50,400150,540,171815,36,"Salaried",0.45,1,0,"Poor"
"LN0439",63,608394,688,74575,24,"Self-Employed",0.59,4,0,"Good"
"LN0440",45,955409,651,13929,48,"Self-Employed",0.24,3,0,"Fair"
"LN0441",50,669437,657,223523,36,"Salaried",0.57,0,0,"Fair"
"LN0442",51,542581,635,198136,36,"Self-Employed",0.35,0,0,"Fair"
"LN0443",64,215085,549,117998,48,"Self-Employed",0.41,0,0,"Poor"
"LN0444",56,439870,677,264998,60,"Salaried",0.27,0,0,"Good"
"LN0445",63,484876,758,125024,36,"Salaried",0.53,1,0,"Excellent"
"LN0446",55,736841,781,15169,48,"Salaried",0.6,0,0,"Excellent"
"LN0447",60,696691,688,222876,48,"Government",0.23,0,0,"Good"
"LN0448",42,602793,591,96000,24,"Salaried",0.09,0,0,"Fair"
"LN0449",64,636049,603,160985,24,"Salaried",0.34,0,0,"Fair"
"LN0450",64,542375,601,76141,24,"Salaried",0.65,0,0,"Fair"
"LN0451",47,606045,698,45643,12,"Salaried",0.63,0,0,"Good"
"LN0452",54,654335,631,185315,36,"Government",0.15,0,0,"Fair"
"LN0453",27,689832,882,78105,12,"Self-Employed",0.41,1,0,"Excellent"
"LN0454",44,965526,629,106674,60,"Salaried",0.11,0,0,"Fair"
"LN0455",63,377595,662,207927,60,"Self-Employed",0.59,0,0,"Fair"
"LN0456",62,894961,633,10000,12,"Self-Employed",0.32,5,0,"Fair"
"LN0457",65,734302,599,75023,24,"Salaried",0.25,2,0,"Fair"
"LN0458",39,290934,718,272365,12,"Self-Employed",0.47,0,0,"Good"
"LN0459",42,544591,608,149569,36,"Salaried",0.06,1,0,"Fair"
"LN0460",54,474131,650,15345,24,"Salaried",0.5,2,0,"Fair"
"LN0461",32,413400,627,146046,60,"Self-Employed",0.16,4,0,"Fair"
"LN0462",61,292423,424,153639,60,"Self-Employed",0.46,1,0,"Very Poor"
"LN0463",35,501180,702,87930,12,"Salaried",0.29,0,0,"Good"
"LN0464",23,512928,663,95173,12,"Salaried",0.35,3,0,"Fair"
"LN0465",59,535291,582,146878,36,"Salaried",0.12,0,0,"Fair"
"LN0466",56,187777,759,217179,48,"Government",0.44,0,0,"Excellent"
"LN0467",49,688301,549,82687,24,"Salaried",0.53,0,0,"Poor"
"LN0468",37,749270,508,207298,12,"Self-Employed",0.55,0,0,"Poor"
"LN0469",37,757929,595,10000,24,"Self-Employed",0.35,2,0,"Fair"
"LN0470",29,754148,555,309269,12,"Self-Employed",0.45,5,0,"Poor"
"LN0471",59,640101,713,211687,12,"Salaried",0.15,3,0,"Good"
"LN0472",59,893670,657,100192,12,"Salaried",0.58,1,0,"Fair"
"LN0473",29,424709,620,141712,12,"Salaried",0.57,4,0,"Fair"
"LN0474",52,354679,651,51397,60,"Self-Employed",0.65,0,0,"Fair"
"LN0475",58,667568,574,75367,48,"Salaried",0.27,0,0,"Poor"
"LN0476",44,688165,665,173801,24,"Self-Employed",0.45,0,0,"Fair"
"LN0477",62,450697,665,10000,60,"Salaried",0.12,0,0,"Fair"
"LN0478",31,607321,644,204180,48,"Self-Employed",0.51,1,0,"Fair"
"LN0479",32,664662,650,216911,24,"Self-Employed",0.32,3,0,"Fair"
"LN0480",48,675935,561,159780,24,"Self-Employed",0.6,1,0,"Poor"
"LN0481",44,775311,725,86940,48,"Salaried",0.39,0,0,"Good"
"LN0482",54,786678,531,200691,60,"Salaried",0.44,0,0,"Poor"
"LN0483",43,180000,828,133737,36,"Salaried",0.64,0,0,"Excellent"
"LN0484",36,945599,780,292062,36,"Self-Employed",0.59,0,0,"Excellent"
"LN0485",25,691201,692,190268,36,"Government",0.41,0,0,"Good"
"LN0486",60,485928,542,298796,12,"Self-Employed",0.56,5,0,"Poor"
"LN0487",64,377075,684,101241,48,"Salaried",0.26,0,0,"Good"
"LN0488",31,781013,517,242244,12,"Salaried",0.44,0,0,"Poor"
"LN0489",29,665619,628,227548,12,"Government",0.15,0,0,"Fair"
"LN0490",52,815618,713,200984,24,"Self-Employed",0.29,1,0,"Good"
"LN0491",49,587937,717,291773,36,"Self-Employed",0.39,0,0,"Good"
"LN0492",56,551296,653,244265,48,"Salaried",0.49,2,0,"Fair"
"LN0493",41,1048285,631,238056,12,"Salaried",0.27,1,0,"Fair"
"LN0494",29,192801,671,260156,60,"Self-Employed",0.23,0,0,"Good"
"LN0495",53,678183,523,92619,36,"Salaried",0.53,0,0,"Poor"
"LN0496",24,676963,620,205081,48,"Government",0.34,0,0,"Fair"
"LN0497",62,687739,795,251448,36,"Salaried",0.41,0,0,"Excellent"
"LN0498",32,711628,511,10000,24,"Self-Employed",0.21,0,0,"Poor"
"LN0499",34,544719,780,249847,12,"Self-Employed",0.61,3,0,"Excellent"
"LN0500",60,833258,692,63816,12,"Salaried",0.58,0,0,"Good"
"LN0501",39,180000,621,32066,48,"Self-Employed",0.4,0,0,"Fair"
"LN0502",60,438887,829,141779,24,"Salaried",0.31,1,0,"Excellent"
"LN0503",42,576171,647,12811,60,"Salaried",0.1,1,0,"Fair"
"LN0504",26,632643,802,88048,48,"Government",0.65,1,0,"Excellent"
"LN0505",52,681296,652,217804,48,"Self-Employed",0.16,0,0,"Fair"
"LN0506",41,727868,694,156659,48,"Self-Employed",0.53,5,0,"Good"
"LN0507",39,298296,604,252807,48,"Self-Employed",0.34,0,0,"Fair"
"LN0508",60,601534,576,172084,36,"Salaried",0.55,0,0,"Poor"
"LN0509",24,704834,490,13109,48,"Salaried",0.49,0,0,"Very Poor"
"LN0510",29,865267,600,58036,36,"Self-Employed",0.42,1,0,"Fair"
"LN0511",40,577286,708,162783,60,"Government",0.65,2,0,"Good"
"LN0512",31,919830,562,115823,48,"Salaried",0.15,0,0,"Poor"
"LN0513",36,543694,557,222560,36,"Self-Employed",0.5,0,0,"Poor"
"LN0514",33,590020,615,162072,24,"Salaried",0.49,0,0,"Fair"
"LN0515",56,632043,663,61238,24,"Salaried",0.48,0,0,"Fair"
"LN0516",53,499524,610,106095,36,"Salaried",0.07,1,0,"Fair"
"LN0517",63,743188,747,231503,24,"Self-Employed",0.11,1,0,"Excellent"
"LN0518",55,330843,673,74367,48,"Self-Employed",0.41,0,0,"Good"
"LN0519",61,598871,647,29975,60,"Government",0.43,0,0,"Fair"
"LN0520",22,491891,562,195213,24,"Self-Employed",0.1,1,0,"Poor"
"LN0521",34,490585,575,164619,60,"Salaried",0.11,1,0,"Poor"
"LN0522",28,830289,687,86262,24,"Salaried",0.34,0,0,"Good"
"LN0523",32,810444,623,146305,12,"Salaried",0.22,0,0,"Fair"
"LN0524",32,919605,738,162290,60,"Salaried",0.5,0,0,"Good"
"LN0525",34,547241,519,88670,24,"Self-Employed",0.53,0,0,"Poor"
"LN0526",58,606480,677,179180,48,"Self-Employed",0.59,0,0,"Good"
"LN0527",55,289683,608,94518,60,"Government",0.55,0,0,"Fair"
"LN0528",36,522364,767,122548,36,"Salaried",0.47,1,0,"Excellent"
"LN0529",58,952830,684,209428,60,"Salaried",0.25,0,0,"Good"
"LN0530",35,516694,568,127157,60,"Salaried",0.38,0,0,"Poor"
"LN0531",58,366732,545,16409,12,"Self-Employed",0.22,0,0,"Poor"
"LN0532",47,608379,668,128849,24,"Salaried",0.6,0,0,"Fair"
"LN0533",49,849298,625,14004,48,"Government",0.29,0,0,"Fair"
"LN0534",39,284406,643,107853,36,"Self-Employed",0.51,0,0,"Fair"
"LN0535",38,549236,637,99039,60,"Salaried",0.63,0,0,"Fair"
"LN0536",60,693566,702,403962,48,"Self-Employed",0.28,5,0,"Good"
"LN0537",55,995506,564,189296,48,"Salaried",0.05,0,0,"Poor"
"LN0538",33,476879,900,185361,24,"Salaried",0.33,0,0,"Excellent"
"LN0539",51,903884,674,166016,24,"Salaried",0.32,0,0,"Good"
"LN0540",56,513421,607,107664,12,"Self-Employed",0.3,0,0,"Fair"
"LN0541",41,393796,638,10000,36,"Salaried",0.57,1,0,"Fair"
"LN0542",47,373133,693,295017,48,"Salaried",0.1,0,0,"Good"
"LN0543",46,555780,701,108700,36,"Salaried",0.31,4,0,"Good"
"LN0544",29,595517,508,81037,24,"Self-Employed",0.56,1,0,"Poor"
"LN0545",41,535420,485,99602,36,"Self-Employed",0.12,0,0,"Very Poor"
"LN0546",49,810445,643,235997,48,"Salaried",0.23,2,0,"Fair"
"LN0547",54,637908,717,209655,12,"Salaried",0.5,4,0,"Good"
"LN0548",42,578834,663,255727,36,"Self-Employed",0.39,0,0,"Fair"
"LN0549",55,479489,732,172358,24,"Salaried",0.54,0,0,"Good"
"LN0550",26,340797,682,140800,24,"Salaried",0.52,0,0,"Good"
"LN0551",63,208135,683,129981,48,"Self-Employed",0.12,0,0,"Good"
"LN0552",33,642682,784,25426,24,"Salaried",0.22,0,0,"Excellent"
"LN0553",24,605067,565,170768,48,"Salaried",0.28,0,0,"Poor"
"LN0554",39,873005,587,123010,36,"Salaried",0.14,0,0,"Fair"
"LN0555",22,658219,681,119363,24,"Salaried",0.5,0,0,"Good"
"LN0556",29,759444,670,234215,60,"Self-Employed",0.08,0,0,"Fair"
"LN0557",61,608197,475,246897,60,"Salaried",0.18,0,0,"Very Poor"
"LN0558",51,436335,693,346296,60,"Self-Employed",0.13,0,0,"Good"
"LN0559",41,657928,547,187194,24,"Salaried",0.34,3,0,"Poor"
"LN0560",55,667957,552,142412,60,"Self-Employed",0.48,0,0,"Poor"
"LN0561",42,436521,788,77333,60,"Salaried",0.29,0,0,"Excellent"
"LN0562",40,594250,743,147333,60,"Self-Employed",0.46,0,0,"Excellent"
"LN0563",64,1000156,590,287648,48,"Self-Employed",0.31,2,0,"Fair"
"LN0564",39,374147,783,131100,48,"Salaried",0.5,1,0,"Excellent"
"LN0565",61,894436,608,286696,48,"Self-Employed",0.31,0,0,"Fair"
"LN0566",45,554586,732,132179,24,"Salaried",0.24,1,0,"Good"
"LN0567",63,896462,760,166826,36,"Self-Employed",0.59,2,0,"Excellent"
"LN0568",50,431389,756,348474,60,"Salaried",0.43,1,0,"Excellent"
"LN0569",55,586761,750,152173,48,"Salaried",0.57,2,0,"Excellent"
"LN0570",43,662247,627,33784,60,"Self-Employed",0.37,1,0,"Fair"
"LN0571",25,577482,606,96109,36,"Self-Employed",0.46,0,0,"Fair"
"LN0572",44,731748,750,65447,12,"Salaried",0.2,0,0,"Excellent"
"LN0573",38,566628,644,157187,48,"Salaried",0.3,1,0,"Fair"
"LN0574",65,841775,595,104217,48,"Salaried",0.38,0,0,"Fair"
"LN0575",41,634084,568,180243,24,"Self-Employed",0.08,0,0,"Poor"
"LN0576",60,738484,754,279906,12,"Salaried",0.12,3,0,"Excellent"
"LN0577",30,362891,711,71897,60,"Salaried",0.16,0,0,"Good"
"LN0578",40,468322,768,69330,48,"Salaried",0.23,0,0,"Excellent"
"LN0579",42,817902,600,129488,12,"Salaried",0.57,0,0,"Fair"
"LN0580",64,701757,671,220625,48,"Government",0.42,1,0,"Good"
"LN0581",64,572819,563,180082,60,"Self-Employed",0.16,0,0,"Poor"
"LN0582",65,578243,657,158356,36,"Self-Employed",0.49,0,0,"Fair"
"LN0583",38,750980,582,275740,60,"Self-Employed",0.28,0,0,"Fair"
"LN0584",55,555238,681,128509,12,"Salaried",0.34,2,0,"Good"
"LN0585",28,614991,647,297882,48,"Salaried",0.57,0,0,"Fair"
"LN0586",25,270809,766,29152,12,"Self-Employed",0.38,0,0,"Excellent"
"LN0587",22,954802,675,172485,24,"Salaried",0.11,0,0,"Good"
"LN0588",49,753194,618,222343,12,"Government",0.45,0,0,"Fair"
"LN0589",38,766458,511,241093,48,"Government",0.63,0,0,"Poor"
"LN0590",57,218908,614,33813,12,"Salaried",0.06,1,0,"Fair"
"LN0591",55,595833,603,99892,24,"Self-Employed",0.32,1,0,"Fair"
"LN0592",48,518213,742,10000,24,"Self-Employed",0.46,0,0,"Excellent"
"LN0593",50,324723,687,130875,48,"Government",0.05,0,0,"Good"
"LN0594",47,745486,603,109978,24,"Salaried",0.33,0,0,"Fair"
"LN0595",42,846826,668,228998,12,"Government",0.14,1,0,"Fair"
"LN0596",61,489355,661,183234,60,"Self-Employed",0.56,2,0,"Fair"
"LN0597",56,554162,676,126311,36,"Salaried",0.28,1,0,"Good"
"LN0598",34,942292,626,258978,12,"Self-Employed",0.19,0,0,"Fair"
"LN0599",55,270038,745,138456,48,"Salaried",0.6,0,0,"Excellent"
"LN0600",57,748844,755,255258,36,"Salaried",0.17,0,0,"Excellent"
"LN0601",62,537196,556,203329,48,"Salaried",0.56,0,0,"Poor"
"LN0602",64,576938,730,202909,60,"Salaried",0.15,0,0,"Good"
"LN0603",49,477805,590,222538,36,"Salaried",0.51,0,0,"Fair"
"LN0604",31,819339,668,100352,12,"Salaried",0.44,4,0,"Fair"
"LN0605",53,374566,730,37074,36,"Government",0.44,0,0,"Good"
"LN0606",48,792522,690,214820,36,"Self-Employed",0.27,0,0,"Good"
"LN0607",54,881293,649,45920,24,"Salaried",0.33,0,0,"Fair"
"LN0608",22,271670,658,77711,48,"Government",0.21,0,0,"Fair"
"LN0609",35,374619,830,132501,12,"Self-Employed",0.23,0,0,"Excellent"
"LN0610",53,718309,765,195167,12,"Salaried",0.28,1,0,"Excellent"
"LN0611",49,408738,651,198741,36,"Salaried",0.13,4,0,"Fair"
"LN0612",64,461694,624,10000,24,"Salaried",0.2,5,0,"Fair"
"LN0613",53,510929,797,169532,36,"Self-Employed",0.56,0,0,"Excellent"
"LN0614",62,531103,657,10000,48,"Salaried",0.16,0,0,"Fair"
"LN0615",51,740740,682,330049,24,"Self-Employed",0.38,0,0,"Good"
"LN0616",58,479399,755,74559,36,"Salaried",0.09,0,0,"Excellent"
"LN0617",55,617870,601,284951,60,"Self-Employed",0.55,0,0,"Fair"
"LN0618",62,747499,615,122895,12,"Salaried",0.28,3,0,"Fair"
"LN0619",56,291924,619,199657,36,"Salaried",0.64,2,0,"Fair"
"LN0620",45,462074,664,85782,60,"Salaried",0.58,0,0,"Fair"
"LN0621",65,771959,457,159328,12,"Salaried",0.45,0,0,"Very Poor"
"LN0622",55,524696,617,198645,36,"Salaried",0.41,3,0,"Fair"
"LN0623",45,180000,707,272235,12,"Self-Employed",0.31,1,0,"Good"
"LN0624",49,428438,675,99834,24,"Government",0.46,0,0,"Good"
"LN0625",39,763205,678,24859,12,"Salaried",0.56,2,0,"Good"
"LN0626",51,514682,523,51953,36,"Salaried",0.06,0,0,"Poor"
"LN0627",43,519073,667,160077,12,"Salaried",0.25,0,0,"Fair"
"LN0628",47,570846,641,170746,48,"Salaried",0.06,1,0,"Fair"
"LN0629",41,743893,652,127977,60,"Salaried",0.45,0,0,"Fair"
"LN0630",52,501782,721,153981,36,"Salaried",0.22,0,0,"Good"
"LN0631",61,695192,766,125144,48,"Salaried",0.63,1,0,"Excellent"
"LN0632",51,714631,630,116285,60,"Government",0.07,3,0,"Fair"
"LN0633",29,396228,602,329697,60,"Salaried",0.21,0,0,"Fair"
"LN0634",46,587626,630,156933,36,"Government",0.5,0,0,"Fair"
"LN0635",59,492339,712,247881,12,"Self-Employed",0.15,0,0,"Good"
"LN0636",56,683391,641,359459,60,"Salaried",0.56,2,0,"Fair"
"LN0637",22,298345,617,43970,48,"Self-Employed",0.14,1,0,"Fair"
"LN0638",51,907834,646,138979,36,"Government",0.54,0,0,"Fair"
"LN0639",25,869204,758,149786,24,"Self-Employed",0.59,0,0,"Excellent"
"LN0640",49,431429,576,246473,48,"Self-Employed",0.32,0,0,"Poor"
"LN0641",62,466025,625,123724,24,"Self-Employed",0.48,4,0,"Fair"
"LN0642",54,418303,566,175143,36,"Self-Employed",0.05,2,0,"Poor"
"LN0643",64,572692,829,164517,60,"Self-Employed",0.59,0,0,"Excellent"
"LN0644",27,499792,612,179983,48,"Self-Employed",0.58,0,0,"Fair"
"LN0645",41,622528,722,98598,24,"Self-Employed",0.51,3,0,"Good"
"LN0646",35,224956,653,356036,60,"Salaried",0.41,1,0,"Fair"
"LN0647",30,631709,636,58745,24,"Salaried",0.4,1,0,"Fair"
"LN0648",49,603113,621,125220,60,"Salaried",0.21,0,0,"Fair"
"LN0649",52,279879,586,183299,36,"Salaried",0.41,1,0,"Fair"
"LN0650",45,655195,757,184522,36,"Salaried",0.45,0,0,"Excellent"
"LN0651",27,610991,700,56469,48,"Government",0.37,0,0,"Good"
"LN0652",65,553885,652,137986,60,"Salaried",0.6,0,0,"Fair"
"LN0653",43,597357,562,38070,24,"Salaried",0.2,0,0,"Poor"
"LN0654",32,676990,611,223387,24,"Self-Employed",0.58,0,0,"Fair"
"LN0655",30,669345,726,76430,12,"Government",0.38,0,0,"Good"
"LN0656",39,513677,570,59905,12,"Salaried",0.52,0,0,"Poor"
"LN0657",64,830036,604,149533,36,"Salaried",0.28,0,0,"Fair"
"LN0658",40,592694,713,49509,36,"Salaried",0.39,0,0,"Good"
"LN0659",54,572840,681,167023,48,"Salaried",0.51,5,0,"Good"
"LN0660",64,788924,602,105550,48,"Salaried",0.26,0,0,"Fair"
"LN0661",61,798408,782,99735,60,"Salaried",0.14,1,0,"Excellent"
"LN0662",32,459866,555,22400,24,"Salaried",0.58,0,0,"Poor"
"LN0663",54,401788,763,10000,60,"Self-Employed",0.13,0,0,"Excellent"
"LN0664",59,458876,715,238824,48,"Salaried",0.05,5,0,"Good"
"LN0665",55,364845,482,290841,60,"Salaried",0.61,0,0,"Very Poor"
"LN0666",58,243761,676,250520,24,"Government",0.13,1,0,"Good"
"LN0667",22,662122,714,143477,36,"Salaried",0.31,5,0,"Good"
"LN0668",51,570978,587,161782,24,"Self-Employed",0.25,2,0,"Fair"
"LN0669",39,728510,649,178368,60,"Self-Employed",0.59,0,0,"Fair"
"LN0670",25,599668,520,123029,36,"Salaried",0.39,2,0,"Poor"
"LN0671",36,681833,577,189412,36,"Salaried",0.56,0,0,"Poor"
"LN0672",28,500788,661,216389,24,"Self-Employed",0.54,1,0,"Fair"
"LN0673",35,407978,672,225809,24,"Salaried",0.18,0,0,"Good"
"LN0674",31,755626,644,243234,24,"Salaried",0.33,1,0,"Fair"
"LN0675",56,752224,588,116307,24,"Salaried",0.15,1,0,"Fair"
"LN0676",28,253258,698,176768,12,"Self-Employed",0.15,1,0,"Good"
"LN0677",26,775459,756,141502,24,"Government",0.21,3,0,"Excellent"
"LN0678",45,245326,602,47033,60,"Salaried",0.06,0,0,"Fair"
"LN0679",59,590863,655,77355,36,"Salaried",0.06,0,0,"Fair"
"LN0680",26,521026,608,127285,24,"Self-Employed",0.41,2,0,"Fair"
"LN0681",42,574389,644,171327,12,"Self-Employed",0.43,0,0,"Fair"
"LN0682",62,819248,663,247946,36,"Salaried",0.52,1,0,"Fair"
"LN0683",56,348956,642,215722,36,"Government",0.23,0,0,"Fair"
"LN0684",24,546903,622,50179,60,"Self-Employed",0.43,0,0,"Fair"
"LN0685",30,1110660,612,198102,36,"Salaried",0.1,0,0,"Fair"
"LN0686",48,304339,653,77300,36,"Self-Employed",0.58,0,0,"Fair"
"LN0687",50,474682,634,222028,60,"Salaried",0.17,0,0,"Fair"
"LN0688",48,591790,606,73690,12,"Self-Employed",0.15,0,0,"Fair"
"LN0689",60,639991,680,50729,60,"Self-Employed",0.58,0,0,"Good"
"LN0690",63,493339,682,156524,24,"Self-Employed",0.12,2,0,"Good"
"LN0691",38,546794,664,84954,12,"Self-Employed",0.57,0,0,"Fair"
"LN0692",55,816830,562,235183,12,"Government",0.41,0,0,"Poor"
"LN0693",41,563851,682,66078,48,"Self-Employed",0.58,0,0,"Good"
"LN0694",47,650311,684,191281,12,"Salaried",0.07,1,0,"Good"
"LN0695",33,673908,627,228860,12,"Salaried",0.2,5,0,"Fair"
"LN0696",45,681407,694,121867,12,"Salaried",0.59,0,0,"Good"
"LN0697",45,698501,751,186140,60,"Self-Employed",0.61,3,0,"Excellent"
"LN0698",59,610927,676,102514,24,"Salaried",0.06,0,0,"Good"
"LN0699",51,458265,711,59080,36,"Self-Employed",0.16,0,0,"Good"
"LN0700",43,588346,753,10000,12,"Salaried",0.49,4,0,"Excellent"
"LN0701",51,407316,783,75872,36,"Self-Employed",0.5,3,0,"Excellent"
"LN0702",31,618679,612,181614,12,"Salaried",0.53,0,0,"Fair"
"LN0703",54,530420,617,155934,24,"Salaried",0.31,0,0,"Fair"
"LN0704",63,576333,624,65481,24,"Salaried",0.13,1,0,"Fair"
"LN0705",28,380182,738,143796,12,"Salaried",0.6,0,0,"Good"
"LN0706",46,543385,697,10000,48,"Salaried",0.42,2,0,"Good"
"LN0707",45,382053,727,214762,48,"Salaried",0.5,5,0,"Good"
"LN0708",23,518867,674,80420,12,"Self-Employed",0.63,0,0,"Good"
"LN0709",57,705381,627,139994,12,"Self-Employed",0.09,2,0,"Fair"
"LN0710",29,648084,534,182892,24,"Government",0.06,1,0,"Poor"
"LN0711",35,779672,514,81965,48,"Self-Employed",0.61,0,0,"Poor"
"LN0712",38,697594,811,267324,48,"Salaried",0.17,1,0,"Excellent"
"LN0713",58,622398,650,174550,24,"Salaried",0.27,0,0,"Fair"
"LN0714",38,799663,695,184374,60,"Salaried",0.59,0,0,"Good"
"LN0715",37,838343,706,214830,60,"Self-Employed",0.2,1,0,"Good"
"LN0716",53,320122,766,223694,48,"Salaried",0.28,3,0,"Excellent"
"LN0717",46,778430,701,193585,36,"Salaried",0.27,0,0,"Good"
"LN0718",59,755592,652,339568,60,"Salaried",0.24,0,0,"Fair"
"LN0719",24,788383,709,101752,36,"Salaried",0.12,4,0,"Good"
"LN0720",35,418239,678,274867,24,"Self-Employed",0.59,0,0,"Good"
"LN0721",30,1081786,600,41693,24,"Salaried",0.24,3,0,"Fair"
"LN0722",65,180000,727,109360,12,"Salaried",0.48,0,0,"Good"
"LN0723",30,601373,663,111735,60,"Salaried",0.11,1,0,"Fair"
"LN0724",45,623621,647,78146,48,"Salaried",0.38,0,0,"Fair"
"LN0725",24,570061,576,158662,48,"Salaried",0.61,3,0,"Poor"
"LN0726",57,749575,742,201990,60,"Salaried",0.36,1,0,"Excellent"
"LN0727",56,624807,619,84362,36,"Self-Employed",0.33,0,0,"Fair"
"LN0728",60,444389,642,178781,36,"Salaried",0.57,0,0,"Fair"
"LN0729",54,882007,648,200666,60,"Salaried",0.06,5,0,"Fair"
"LN0730",58,541218,645,157825,36,"Government",0.15,0,0,"Fair"
"LN0731",43,722136,694,85905,12,"Self-Employed",0.12,3,0,"Good"
"LN0732",25,466698,722,61817,36,"Government",0.41,1,0,"Good"
"LN0733",50,388023,693,81867,36,"Self-Employed",0.27,2,0,"Good"
"LN0734",48,478832,532,191553,12,"Self-Employed",0.36,0,0,"Poor"
"LN0735",29,388632,457,292585,36,"Salaried",0.05,1,0,"Very Poor"
"LN0736",65,706621,621,101998,60,"Government",0.28,0,0,"Fair"
"LN0737",65,289581,635,267762,48,"Self-Employed",0.06,0,0,"Fair"
"LN0738",33,404302,638,66996,12,"Salaried",0.16,1,0,"Fair"
"LN0739",30,605444,539,104284,12,"Self-Employed",0.08,0,0,"Poor"
"LN0740",45,256886,596,143857,24,"Salaried",0.27,0,0,"Fair"
"LN0741",24,499022,504,115602,24,"Self-Employed",0.55,0,0,"Poor"
"LN0742",24,539015,861,164268,24,"Self-Employed",0.27,0,0,"Excellent"
"LN0743",47,869216,694,216794,24,"Salaried",0.41,3,0,"Good"
"LN0744",62,548493,650,233732,36,"Self-Employed",0.18,0,0,"Fair"
"LN0745",28,495343,499,211000,12,"Salaried",0.3,0,0,"Very Poor"
"LN0746",48,467356,629,29559,48,"Self-Employed",0.59,0,0,"Fair"
"LN0747",44,689444,716,102743,36,"Salaried",0.1,0,0,"Good"
"LN0748",65,536110,712,121729,60,"Salaried",0.52,1,0,"Good"
"LN0749",53,491244,686,205462,60,"Salaried",0.24,1,0,"Good"
"LN0750",36,544065,763,24730,60,"Salaried",0.37,1,0,"Excellent"
"LN0751",41,813047,505,95768,60,"Self-Employed",0.12,0,0,"Poor"
"LN0752",56,913566,562,203217,36,"Salaried",0.5,0,0,"Poor"
"LN0753",48,471378,648,226420,12,"Salaried",0.38,0,0,"Fair"
"LN0754",40,604104,662,173280,36,"Government",0.46,0,0,"Fair"
"LN0755",23,535163,607,284762,12,"Salaried",0.47,3,0,"Fair"
"LN0756",43,971479,746,10000,48,"Salaried",0.43,1,0,"Excellent"
"LN0757",58,718153,487,168392,36,"Salaried",0.3,0,0,"Very Poor"
"LN0758",62,243875,569,144556,48,"Salaried",0.59,0,0,"Poor"
"LN0759",54,513178,778,69861,60,"Salaried",0.42,2,0,"Excellent"
"LN0760",25,180000,721,105199,60,"Self-Employed",0.23,0,0,"Good"
"LN0761",39,581407,529,169245,48,"Self-Employed",0.56,0,0,"Poor"
"LN0762",58,740793,716,247115,24,"Salaried",0.56,0,0,"Good"
"LN0763",56,421102,679,170189,48,"Salaried",0.36,2,0,"Good"
"LN0764",63,343499,544,202193,24,"Self-Employed",0.48,0,0,"Poor"
"LN0765",46,851157,679,75689,60,"Salaried",0.14,1,0,"Good"
"LN0766",60,407074,721,114424,24,"Government",0.05,1,0,"Good"
"LN0767",35,781557,570,146853,36,"Self-Employed",0.63,2,0,"Poor"
"LN0768",48,642815,692,161446,12,"Self-Employed",0.09,1,0,"Good"
"LN0769",31,776205,551,192336,12,"Salaried",0.41,0,0,"Poor"
"LN0770",44,800509,692,135155,24,"Salaried",0.26,0,0,"Good"
"LN0771",31,827982,571,211334,60,"Government",0.24,0,0,"Poor"
"LN0772",42,847207,620,171146,36,"Salaried",0.6,1,0,"Fair"
"LN0773",62,659080,567,41534,60,"Salaried",0.31,0,0,"Poor"
"LN0774",60,634352,706,178726,36,"Salaried",0.55,0,0,"Good"
"LN0775",27,408922,638,13340,60,"Salaried",0.41,1,0,"Fair"
"LN0776",49,357918,690,99126,36,"Salaried",0.5,3,0,"Good"
"LN0777",29,479723,699,173235,24,"Self-Employed",0.31,0,0,"Good"
"LN0778",52,572837,650,45696,12,"Self-Employed",0.21,0,0,"Fair"
"LN0779",47,402545,643,140872,60,"Self-Employed",0.2,0,0,"Fair"
"LN0780",45,766385,682,142563,36,"Salaried",0.36,1,0,"Good"
"LN0781",58,440988,697,140195,36,"Self-Employed",0.5,1,0,"Good"
"LN0782",40,668093,649,79335,48,"Salaried",0.34,0,0,"Fair"
"LN0783",41,774086,683,198014,60,"Salaried",0.33,1,0,"Good"
"LN0784",32,363568,714,207371,24,"Salaried",0.31,5,0,"Good"
"LN0785",48,804579,704,118730,48,"Self-Employed",0.21,0,0,"Good"
"LN0786",28,180000,755,184231,48,"Salaried",0.13,0,0,"Excellent"
"LN0787",63,645953,499,83032,36,"Salaried",0.07,0,0,"Very Poor"
"LN0788",65,902342,678,151805,36,"Government",0.27,2,0,"Good"
"LN0789",25,711088,662,210805,48,"Self-Employed",0.22,0,0,"Fair"
"LN0790",52,782976,589,169657,36,"Self-Employed",0.14,0,0,"Fair"
"LN0791",56,489321,590,161311,48,"Salaried",0.44,3,0,"Fair"
"LN0792",22,659675,692,257246,60,"Salaried",0.55,0,0,"Good"
"LN0793",26,821276,622,90072,60,"Salaried",0.49,1,0,"Fair"
"LN0794",38,334170,629,212127,12,"Self-Employed",0.23,1,0,"Fair"
"LN0795",64,800339,691,168255,24,"Government",0.11,0,0,"Good"
"LN0796",22,318139,741,91088,24,"Self-Employed",0.38,2,0,"Excellent"
"LN0797",45,500244,815,144366,60,"Salaried",0.61,1,0,"Excellent"
"LN0798",54,1124551,712,119910,12,"Self-Employed",0.55,0,0,"Good"
"LN0799",39,702133,810,203058,36,"Government",0.14,0,0,"Excellent"
"LN0800",24,581831,752,182856,24,"Salaried",0.5,1,0,"Excellent"
"LN0801",26,795753,677,10000,24,"Salaried",0.21,0,0,"Good"
"LN0802",60,551238,670,281874,36,"Salaried",0.12,1,0,"Fair"
"LN0803",27,724362,804,10000,36,"Salaried",0.39,2,0,"Excellent"
"LN0804",37,531081,569,204960,36,"Self-Employed",0.05,0,0,"Poor"
"LN0805",34,180000,655,90099,24,"Self-Employed",0.45,2,0,"Fair"
"LN0806",54,694478,665,235529,48,"Salaried",0.28,0,0,"Fair"
"LN0807",31,497704,463,181746,48,"Salaried",0.35,0,0,"Very Poor"
"LN0808",35,485280,622,260828,12,"Salaried",0.51,0,0,"Fair"
"LN0809",63,600759,678,135754,60,"Self-Employed",0.22,3,0,"Good"
"LN0810",55,868510,424,10000,36,"Salaried",0.32,1,0,"Very Poor"
"LN0811",37,659092,679,131439,48,"Salaried",0.07,0,0,"Good"
"LN0812",62,768357,627,158475,36,"Self-Employed",0.37,0,0,"Fair"
"LN0813",38,725813,685,247406,36,"Salaried",0.14,0,0,"Good"
"LN0814",23,620320,707,56259,12,"Salaried",0.41,0,0,"Good"
"LN0815",36,734224,764,128682,36,"Self-Employed",0.41,5,0,"Excellent"
"LN0816",44,572337,515,113625,60,"Salaried",0.26,0,0,"Poor"
"LN0817",48,350138,653,270395,48,"Self-Employed",0.43,0,0,"Fair"
"LN0818",61,669527,599,20197,36,"Salaried",0.23,0,0,"Fair"
"LN0819",24,180000,652,234724,60,"Salaried",0.41,0,0,"Fair"
"LN0820",55,402758,640,242558,48,"Self-Employed",0.2,0,0,"Fair"
"LN0821",24,588092,556,140883,24,"Self-Employed",0.33,0,0,"Poor"
"LN0822",64,567848,505,218415,60,"Self-Employed",0.37,0,0,"Poor"
"LN0823",58,515928,820,190891,24,"Salaried",0.35,1,0,"Excellent"
"LN0824",43,797718,544,92846,12,"Salaried",0.57,1,0,"Poor"
"LN0825",54,386077,672,94402,36,"Salaried",0.37,2,0,"Good"
"LN0826",24,180000,561,10000,36,"Salaried",0.52,0,0,"Poor"
"LN0827",35,756090,771,276517,36,"Salaried",0.65,1,0,"Excellent"
"LN0828",59,609021,509,253747,48,"Salaried",0.27,0,0,"Poor"
"LN0829",37,578302,579,251628,24,"Self-Employed",0.35,0,0,"Poor"
"LN0830",31,521755,552,148714,48,"Self-Employed",0.47,1,0,"Poor"
"LN0831",48,262600,654,103459,60,"Salaried",0.14,0,0,"Fair"
"LN0832",29,409459,611,17714,60,"Self-Employed",0.2,1,0,"Fair"
"LN0833",44,701483,841,104047,48,"Self-Employed",0.56,1,0,"Excellent"
"LN0834",30,603763,650,77390,24,"Salaried",0.43,0,0,"Fair"
"LN0835",56,316218,757,40757,12,"Salaried",0.61,0,0,"Excellent"
"LN0836",55,719634,716,174664,48,"Government",0.1,1,0,"Good"
"LN0837",59,757276,705,112190,12,"Self-Employed",0.53,2,0,"Good"
"LN0838",55,573073,691,185698,48,"Salaried",0.18,0,0,"Good"
"LN0839",51,596723,672,87987,24,"Salaried",0.32,0,0,"Good"
"LN0840",46,881828,593,314855,12,"Self-Employed",0.49,0,0,"Fair"
"LN0841",51,678968,623,356832,24,"Salaried",0.09,0,0,"Fair"
"LN0842",30,843975,688,269985,60,"Salaried",0.38,0,0,"Good"
"LN0843",58,590985,452,141985,12,"Salaried",0.52,1,0,"Very Poor"
"LN0844",38,895898,502,201775,12,"Government",0.46,3,0,"Poor"
"LN0845",65,584863,616,37633,60,"Government",0.57,0,0,"Fair"
"LN0846",41,783550,501,43271,48,"Government",0.54,0,0,"Poor"
"LN0847",57,531044,659,114262,12,"Salaried",0.12,0,0,"Fair"
"LN0848",59,384599,688,285250,12,"Salaried",0.06,0,0,"Good"
"LN0849",55,800321,721,132131,24,"Salaried",0.14,3,0,"Good"
"LN0850",24,1059201,739,223875,36,"Government",0.16,0,0,"Good"
"LN0851",38,534824,695,146038,48,"Salaried",0.2,0,0,"Good"
"LN0852",45,893771,694,122249,60,"Salaried",0.64,3,0,"Good"
"LN0853",32,552618,669,165940,48,"Self-Employed",0.16,0,0,"Fair"
"LN0854",29,784699,653,139414,36,"Government",0.05,0,0,"Fair"
"LN0855",60,402162,585,266339,60,"Self-Employed",0.34,0,0,"Fair"
"LN0856",41,655129,828,44349,36,"Salaried",0.24,0,0,"Excellent"
"LN0857",49,447268,587,158737,60,"Government",0.07,3,0,"Fair"
"LN0858",44,329578,786,147962,36,"Self-Employed",0.33,0,0,"Excellent"
"LN0859",54,731005,725,139187,24,"Self-Employed",0.38,0,0,"Good"
"LN0860",40,921929,813,98758,60,"Salaried",0.13,0,0,"Excellent"
"LN0861",37,442299,709,207399,24,"Salaried",0.27,0,0,"Good"
"LN0862",61,423225,616,31847,12,"Self-Employed",0.32,0,0,"Fair"
"LN0863",31,385497,625,210328,12,"Self-Employed",0.59,0,0,"Fair"
"LN0864",31,508372,541,10000,12,"Self-Employed",0.43,0,0,"Poor"
"LN0865",40,733129,733,274248,24,"Salaried",0.14,0,0,"Good"
"LN0866",34,742446,654,206165,12,"Salaried",0.39,1,0,"Fair"
"LN0867",44,688591,645,154122,12,"Self-Employed",0.63,0,0,"Fair"
"LN0868",65,751917,656,10000,24,"Government",0.56,0,0,"Fair"
"LN0869",61,506224,599,143114,36,"Salaried",0.31,3,0,"Fair"
"LN0870",59,565458,616,90931,12,"Self-Employed",0.63,1,0,"Fair"
"LN0871",60,736410,712,243418,36,"Salaried",0.38,0,0,"Good"
"LN0872",60,543685,755,19388,12,"Salaried",0.29,1,0,"Excellent"
"LN0873",58,407675,655,20950,48,"Self-Employed",0.17,0,0,"Fair"
"LN0874",22,324470,670,132027,60,"Self-Employed",0.36,0,0,"Fair"
"LN0875",64,1139517,669,145587,60,"Self-Employed",0.07,0,0,"Fair"
"LN0876",55,260057,665,99811,36,"Salaried",0.22,0,0,"Fair"
"LN0877",44,605863,631,135252,60,"Salaried",0.09,2,0,"Fair"
"LN0878",63,986863,696,128956,60,"Self-Employed",0.45,0,0,"Good"
"LN0879",59,767502,706,107948,12,"Government",0.38,0,0,"Good"
"LN0880",57,562931,666,95982,60,"Salaried",0.65,0,0,"Fair"
"LN0881",33,706666,694,137457,24,"Salaried",0.34,0,0,"Good"
"LN0882",27,956991,604,227539,24,"Self-Employed",0.36,0,0,"Fair"
"LN0883",38,637926,665,299061,60,"Self-Employed",0.59,2,0,"Fair"
"LN0884",22,486182,700,231509,60,"Salaried",0.18,2,0,"Good"
"LN0885",64,890379,641,153655,48,"Salaried",0.32,2,0,"Fair"
"LN0886",41,973799,640,53857,48,"Salaried",0.41,0,0,"Fair"
"LN0887",47,403089,613,222748,48,"Self-Employed",0.59,2,0,"Fair"
"LN0888",40,743751,696,266957,12,"Self-Employed",0.17,2,0,"Good"
"LN0889",58,625869,670,135230,36,"Self-Employed",0.62,0,0,"Fair"
"LN0890",24,740328,864,134787,24,"Salaried",0.2,5,0,"Excellent"
"LN0891",40,705340,639,249464,24,"Government",0.41,0,0,"Fair"
"LN0892",41,595897,659,164847,12,"Government",0.59,0,0,"Fair"
"LN0893",52,687650,569,331682,24,"Salaried",0.55,0,0,"Poor"
"LN0894",35,357894,721,145876,60,"Self-Employed",0.55,0,0,"Good"
"LN0895",55,319116,625,20756,48,"Self-Employed",0.26,0,0,"Fair"
"LN0896",54,744150,661,234636,12,"Salaried",0.65,1,0,"Fair"
"LN0897",43,617207,726,178952,36,"Salaried",0.09,1,0,"Good"
"LN0898",28,573677,772,128730,24,"Salaried",0.1,0,0,"Excellent"
"LN0899",59,264790,630,49537,12,"Salaried",0.3,3,0,"Fair"
"LN0900",65,486100,621,220119,60,"Salaried",0.51,0,0,"Fair"
"LN0901",64,638441,667,197411,36,"Government",0.31,0,0,"Fair"
"LN0902",31,502735,747,171722,12,"Salaried",0.2,2,0,"Excellent"
"LN0903",51,616257,659,274262,36,"Self-Employed",0.12,0,0,"Fair"
"LN0904",46,676979,665,64895,36,"Salaried",0.11,2,0,"Fair"
"LN0905",31,572500,713,166546,48,"Salaried",0.32,0,0,"Good"
"LN0906",51,685519,709,130085,24,"Salaried",0.37,0,0,"Good"
"LN0907",48,551387,737,191231,24,"Salaried",0.61,0,0,"Good"
"LN0908",40,536329,494,185423,24,"Self-Employed",0.36,0,0,"Very Poor"
"LN0909",63,549179,555,140631,48,"Self-Employed",0.25,2,0,"Poor"
"LN0910",30,727777,556,30173,12,"Self-Employed",0.48,0,0,"Poor"
"LN0911",43,764213,680,153776,36,"Salaried",0.63,0,0,"Good"
"LN0912",48,1067096,541,268421,60,"Salaried",0.29,3,0,"Poor"
"LN0913",29,403338,632,10000,48,"Salaried",0.15,0,0,"Fair"
"LN0914",40,458509,684,106916,36,"Salaried",0.5,0,0,"Good"
"LN0915",28,728830,805,190223,12,"Government",0.1,3,0,"Excellent"
"LN0916",47,927533,631,62535,48,"Self-Employed",0.22,0,0,"Fair"
"LN0917",37,845330,648,67918,36,"Salaried",0.09,2,0,"Fair"
"LN0918",29,506459,669,69037,36,"Government",0.3,0,0,"Fair"
"LN0919",44,464354,602,87389,60,"Self-Employed",0.43,0,0,"Fair"
"LN0920",42,939280,394,178765,24,"Self-Employed",0.18,0,0,"Very Poor"
"LN0921",37,908569,771,309890,12,"Self-Employed",0.29,0,0,"Excellent"
"LN0922",52,642906,623,194315,48,"Salaried",0.64,0,0,"Fair"
"LN0923",50,940138,593,85336,60,"Self-Employed",0.38,0,0,"Fair"
"LN0924",64,598403,673,105439,24,"Self-Employed",0.63,0,0,"Good"
"LN0925",48,436420,601,63152,36,"Salaried",0.55,5,0,"Fair"
"LN0926",31,589878,724,92416,24,"Self-Employed",0.18,0,0,"Good"
"LN0927",41,615984,614,94595,48,"Self-Employed",0.6,0,0,"Fair"
"LN0928",39,288086,718,263080,12,"Salaried",0.47,4,0,"Good"
"LN0929",37,565700,631,201277,48,"Salaried",0.24,0,0,"Fair"
"LN0930",29,516279,572,12598,60,"Self-Employed",0.33,0,0,"Poor"
"LN0931",42,698257,709,216095,36,"Government",0.62,0,0,"Good"
"LN0932",58,493754,845,252462,48,"Self-Employed",0.5,0,0,"Excellent"
"LN0933",44,696444,571,131492,48,"Salaried",0.32,0,0,"Poor"
"LN0934",23,707258,615,258706,36,"Self-Employed",0.36,0,0,"Fair"
"LN0935",54,544135,556,177299,60,"Salaried",0.27,0,0,"Poor"
"LN0936",49,591299,777,201379,12,"Salaried",0.14,2,0,"Excellent"
"LN0937",52,1076303,660,124303,60,"Salaried",0.1,2,0,"Fair"
"LN0938",49,909606,464,265216,48,"Self-Employed",0.29,2,0,"Very Poor"
"LN0939",63,910952,474,154299,24,"Self-Employed",0.14,1,0,"Very Poor"
"LN0940",30,611622,725,128423,48,"Self-Employed",0.11,1,0,"Good"
"LN0941",54,432044,674,187341,12,"Salaried",0.33,2,0,"Good"
"LN0942",38,714225,491,141143,36,"Salaried",0.08,2,0,"Very Poor"
"LN0943",27,613210,554,129515,12,"Salaried",0.4,2,0,"Poor"
"LN0944",33,1316932,682,208087,24,"Self-Employed",0.38,0,0,"Good"
"LN0945",40,213621,654,133921,36,"Salaried",0.15,0,0,"Fair"
"LN0946",54,559433,501,116186,24,"Self-Employed",0.51,2,0,"Poor"
"LN0947",32,896743,710,106626,60,"Self-Employed",0.57,1,0,"Good"
"LN0948",49,180297,616,38786,12,"Government",0.44,3,0,"Fair"
"LN0949",48,548070,750,278571,60,"Salaried",0.59,0,0,"Excellent"
"LN0950",37,666814,686,97773,36,"Salaried",0.53,1,0,"Good"
"LN0951",35,556072,745,119571,12,"Self-Employed",0.07,1,0,"Excellent"
"LN0952",44,413646,493,156939,24,"Self-Employed",0.44,2,0,"Very Poor"
"LN0953",58,575552,710,98075,24,"Self-Employed",0.19,0,0,"Good"
"LN0954",61,867706,734,10000,36,"Salaried",0.58,0,0,"Good"
"LN0955",40,330334,692,185886,12,"Self-Employed",0.51,0,0,"Good"
"LN0956",65,882967,561,191871,60,"Self-Employed",0.06,1,0,"Poor"
"LN0957",28,782810,646,130310,60,"Self-Employed",0.55,0,0,"Fair"
"LN0958",54,352662,497,106436,60,"Self-Employed",0.41,0,0,"Very Poor"
"LN0959",45,299848,604,85705,12,"Self-Employed",0.4,0,0,"Fair"
"LN0960",36,606908,590,306358,48,"Self-Employed",0.64,0,0,"Fair"
"LN0961",29,657260,678,126249,24,"Government",0.32,5,0,"Good"
"LN0962",27,837242,823,147168,60,"Salaried",0.48,0,0,"Excellent"
"LN0963",64,592490,677,158575,36,"Salaried",0.36,2,0,"Good"
"LN0964",55,684074,617,131550,24,"Government",0.1,0,0,"Fair"
"LN0965",54,857849,724,341206,60,"Salaried",0.45,0,0,"Good"
"LN0966",51,834138,711,149069,12,"Self-Employed",0.07,0,0,"Good"
"LN0967",58,765219,670,62875,24,"Government",0.4,1,0,"Fair"
"LN0968",58,664783,597,175102,36,"Salaried",0.58,0,0,"Fair"
"LN0969",64,676190,697,237658,12,"Salaried",0.65,0,0,"Good"
"LN0970",48,840524,705,68488,48,"Self-Employed",0.38,0,0,"Good"
"LN0971",48,820441,673,283670,60,"Self-Employed",0.19,1,0,"Good"
"LN0972",38,587697,804,172015,36,"Government",0.55,0,0,"Excellent"
"LN0973",38,672918,834,135451,12,"Salaried",0.2,0,0,"Excellent"
"LN0974",47,938510,571,219388,36,"Salaried",0.31,0,0,"Poor"
"LN0975",51,894273,682,37776,60,"Self-Employed",0.5,0,0,"Good"
"LN0976",48,404550,551,268584,12,"Salaried",0.07,0,0,"Poor"
"LN0977",40,889640,606,102656,48,"Self-Employed",0.57,0,0,"Fair"
"LN0978",34,582829,615,79200,60,"Salaried",0.64,0,0,"Fair"
"LN0979",39,285246,639,107805,36,"Salaried",0.37,2,0,"Fair"
"LN0980",31,858495,791,152483,48,"Salaried",0.23,0,0,"Excellent"
"LN0981",24,616894,584,74279,60,"Self-Employed",0.37,0,0,"Fair"
"LN0982",49,793409,691,10000,12,"Salaried",0.57,0,0,"Good"
"LN0983",42,987823,713,161657,12,"Salaried",0.32,2,0,"Good"
"LN0984",31,815975,669,218696,36,"Salaried",0.12,0,0,"Fair"
"LN0985",54,529281,695,133205,60,"Government",0.59,2,0,"Good"
"LN0986",32,573015,598,181906,60,"Self-Employed",0.09,0,0,"Fair"
"LN0987",34,402574,613,210890,12,"Self-Employed",0.26,1,0,"Fair"
"LN0988",28,435658,596,72767,12,"Self-Employed",0.1,0,0,"Fair"
"LN0989",61,697906,475,286340,48,"Self-Employed",0.28,2,0,"Very Poor"
"LN0990",57,540145,700,84735,36,"Salaried",0.52,0,0,"Good"
"LN0991",35,731651,617,154040,60,"Salaried",0.58,0,0,"Fair"
"LN0992",26,766482,636,295467,48,"Self-Employed",0.3,0,0,"Fair"
"LN0993",41,672693,703,168699,36,"Salaried",0.58,4,0,"Good"
"LN0994",44,520271,654,147697,60,"Self-Employed",0.54,1,0,"Fair"
"LN0995",40,300414,641,59171,24,"Self-Employed",0.27,2,0,"Fair"
"LN0996",24,622926,608,57410,12,"Government",0.08,1,0,"Fair"
"LN0997",23,392437,779,106213,60,"Self-Employed",0.27,0,0,"Excellent"
"LN0998",59,729196,661,115314,24,"Salaried",0.12,0,0,"Fair"
"LN0999",60,754569,660,282999,48,"Salaried",0.61,0,0,"Fair"
"LN1000",31,663203,728,104950,36,"Self-Employed",0.39,0,0,"Good"
